id,title,company,location,country,salary_min,salary_max,contract_type,category,source,job_url,posted_at,collected_at
1,Account Manager,Careem,"Dubai, United Arab Emirates",UAE,,,,Mobility,greenhouse,https://boards.greenhouse.io/careem/jobs/8196955002?gh_jid=8196955002,2026-01-13,2026-01-18 15:01:52.549219
2,Account Manager - Shops,Careem,"Dubai, United Arab Emirates",UAE,,,,Mobility,greenhouse,https://boards.greenhouse.io/careem/jobs/7804477002?gh_jid=7804477002,2026-01-13,2026-01-18 15:01:52.549219
3,Analytics & Automation Manager,Careem,"Karachi, Pakistan",UAE,,,,Mobility,greenhouse,https://boards.greenhouse.io/careem/jobs/8086435002?gh_jid=8086435002,2026-01-13,2026-01-18 15:01:52.549219
4,Associate Director - Careem Box,Careem,"Dubai, United Arab Emirates",UAE,,,,Mobility,greenhouse,https://boards.greenhouse.io/careem/jobs/8248418002?gh_jid=8248418002,2026-01-13,2026-01-18 15:01:52.549219
5,Associate Director of Ads Sales - Agency Partnerships,Careem,"Dubai, United Arab Emirates",UAE,,,,Mobility,greenhouse,https://boards.greenhouse.io/careem/jobs/7804497002?gh_jid=7804497002,2026-01-13,2026-01-18 15:01:52.549219
6,Care Content Design Lead,Careem,"Karachi, Pakistan; Lahore, Pakistan",UAE,,,,Mobility,greenhouse,https://boards.greenhouse.io/careem/jobs/8089841002?gh_jid=8089841002,2026-01-13,2026-01-18 15:01:52.549219
7,Category Manager - Snacks & Frozen,Careem,"Dubai, United Arab Emirates",UAE,,,,Mobility,greenhouse,https://boards.greenhouse.io/careem/jobs/7804298002?gh_jid=7804298002,2026-01-13,2026-01-18 15:01:52.549219
8,City Head - Food - Abu Dhabi,Careem,"Abu Dhabi, United Arab Emirates",UAE,,,,Mobility,greenhouse,https://boards.greenhouse.io/careem/jobs/8198973002?gh_jid=8198973002,2026-01-13,2026-01-18 15:01:52.549219
9,Communications Manager,Careem,"Dubai, United Arab Emirates",UAE,,,,Mobility,greenhouse,https://boards.greenhouse.io/careem/jobs/8320185002?gh_jid=8320185002,2026-01-13,2026-01-18 15:01:52.549219
10,Creative Manager,Careem,"Amman, Jordan",UAE,,,,Mobility,greenhouse,https://boards.greenhouse.io/careem/jobs/8142177002?gh_jid=8142177002,2026-01-13,2026-01-18 15:01:52.549219
11,Data Analyst I,Careem,"Lahore, Pakistan",UAE,,,,Mobility,greenhouse,https://boards.greenhouse.io/careem/jobs/8230063002?gh_jid=8230063002,2026-01-13,2026-01-18 15:01:52.549219
12,Data Analyst II,Careem,"Lahore, Pakistan",UAE,,,,Mobility,greenhouse,https://boards.greenhouse.io/careem/jobs/7528253002?gh_jid=7528253002,2026-01-13,2026-01-18 15:01:52.549219
13,Desing Executive,Careem,"Cairo, Egypt",UAE,,,,Mobility,greenhouse,https://boards.greenhouse.io/careem/jobs/8148177002?gh_jid=8148177002,2026-01-13,2026-01-18 15:01:52.549219
14,DineOut Intern,Careem,"Riyadh, Saudi Arabia",UAE,,,,Mobility,greenhouse,https://boards.greenhouse.io/careem/jobs/8230051002?gh_jid=8230051002,2026-01-13,2026-01-18 15:01:52.549219
15,Director of Data Science,Careem,"Dubai, United Arab Emirates",UAE,,,,Mobility,greenhouse,https://boards.greenhouse.io/careem/jobs/8207105002?gh_jid=8207105002,2026-01-13,2026-01-18 15:01:52.549219
16,ERP Integration Manager,Careem,"Karachi, Pakistan",UAE,,,,Mobility,greenhouse,https://boards.greenhouse.io/careem/jobs/8336004002?gh_jid=8336004002,2026-01-14,2026-01-18 15:01:52.549219
17,ERP Integration Manager,Careem,"Lahore, Pakistan",UAE,,,,Mobility,greenhouse,https://boards.greenhouse.io/careem/jobs/8374007002?gh_jid=8374007002,2026-01-14,2026-01-18 15:01:52.549219
18,ERP Integration Manager,Careem,"Islamabad, Pakistan",UAE,,,,Mobility,greenhouse,https://boards.greenhouse.io/careem/jobs/8374009002?gh_jid=8374009002,2026-01-14,2026-01-18 15:01:52.549219
19,ERP Integration Manager,Careem,"Cairo, Egypt",UAE,,,,Mobility,greenhouse,https://boards.greenhouse.io/careem/jobs/8374008002?gh_jid=8374008002,2026-01-14,2026-01-18 15:01:52.549219
20,Head of Co-Branded Cards,Careem,"Dubai, United Arab Emirates",UAE,,,,Mobility,greenhouse,https://boards.greenhouse.io/careem/jobs/8059619002?gh_jid=8059619002,2026-01-13,2026-01-18 15:01:52.549219
21,Internal Audit Specialist,Careem,"Karachi, Pakistan",UAE,,,,Mobility,greenhouse,https://boards.greenhouse.io/careem/jobs/8284908002?gh_jid=8284908002,2026-01-13,2026-01-18 15:01:52.549219
22,Legal Counsel,Careem,"Amman, Jordan",UAE,,,,Mobility,greenhouse,https://boards.greenhouse.io/careem/jobs/8354056002?gh_jid=8354056002,2026-01-13,2026-01-18 15:01:52.549219
23,Operations Intern,Careem,"Riyadh, Saudi Arabia",UAE,,,,Mobility,greenhouse,https://boards.greenhouse.io/careem/jobs/8135517002?gh_jid=8135517002,2026-01-13,2026-01-18 15:01:52.549219
24,Operations Picking Supervisor,Careem,"Dubai, United Arab Emirates",UAE,,,,Mobility,greenhouse,https://boards.greenhouse.io/careem/jobs/6635909002?gh_jid=6635909002,2026-01-13,2026-01-18 15:01:52.549219
25,Procurement Specialist ,Careem,"Amman, Jordan",UAE,,,,Mobility,greenhouse,https://boards.greenhouse.io/careem/jobs/8311690002?gh_jid=8311690002,2026-01-13,2026-01-18 15:01:52.549219
26,Product Manager II - Marketplace,Careem,"Dubai, United Arab Emirates",UAE,,,,Mobility,greenhouse,https://boards.greenhouse.io/careem/jobs/7981245002?gh_jid=7981245002,2026-01-13,2026-01-18 15:01:52.549219
27,Product Manager II - Supply Chain & Inventory Management,Careem,"Dubai, United Arab Emirates",UAE,,,,Mobility,greenhouse,https://boards.greenhouse.io/careem/jobs/8331221002?gh_jid=8331221002,2026-01-13,2026-01-18 15:01:52.549219
28,Quality Assurance Agent - Catalog,Careem,"Amman, Jordan",UAE,,,,Mobility,greenhouse,https://boards.greenhouse.io/careem/jobs/8223656002?gh_jid=8223656002,2026-01-13,2026-01-18 15:01:52.549219
29,Quality Assurance Agent - Catalog,Careem,"Amman, Jordan",UAE,,,,Mobility,greenhouse,https://boards.greenhouse.io/careem/jobs/8223660002?gh_jid=8223660002,2026-01-13,2026-01-18 15:01:52.549219
30,Real Estate Associate,Careem,"Riyadh, Saudi Arabia",UAE,,,,Mobility,greenhouse,https://boards.greenhouse.io/careem/jobs/8227876002?gh_jid=8227876002,2026-01-13,2026-01-18 15:01:52.549219
31,Sales - DineOut Intern,Careem,"Riyadh, Saudi Arabia",UAE,,,,Mobility,greenhouse,https://boards.greenhouse.io/careem/jobs/8142194002?gh_jid=8142194002,2026-01-13,2026-01-18 15:01:52.549219
32,Sales Intern,Careem,"Amman, Jordan",UAE,,,,Mobility,greenhouse,https://boards.greenhouse.io/careem/jobs/8210362002?gh_jid=8210362002,2026-01-13,2026-01-18 15:01:52.549219
33,Scouting Intern,Careem,"Riyadh, Saudi Arabia",UAE,,,,Mobility,greenhouse,https://boards.greenhouse.io/careem/jobs/8285187002?gh_jid=8285187002,2026-01-13,2026-01-18 15:01:52.549219
34,Senior AI Engineer II,Careem,"Dubai, United Arab Emirates",UAE,,,,Mobility,greenhouse,https://boards.greenhouse.io/careem/jobs/8343065002?gh_jid=8343065002,2026-01-13,2026-01-18 15:01:52.549219
35,Senior Automation & AI Manager,Careem,"Dubai, United Arab Emirates",UAE,,,,Mobility,greenhouse,https://boards.greenhouse.io/careem/jobs/8218540002?gh_jid=8218540002,2026-01-13,2026-01-18 15:01:52.549219
36,Senior Brand Ads Executive,Careem,"Amman, Jordan",UAE,,,,Mobility,greenhouse,https://boards.greenhouse.io/careem/jobs/8294058002?gh_jid=8294058002,2026-01-15,2026-01-18 15:01:52.549219
37,Senior Business Finance Analyst,Careem,"Karachi, Pakistan",UAE,,,,Mobility,greenhouse,https://boards.greenhouse.io/careem/jobs/8321313002?gh_jid=8321313002,2026-01-13,2026-01-18 15:01:52.549219
38,Senior	Captain Acquisition & Market Ops Lead,Careem,"Riyadh, Saudi Arabia",UAE,,,,Mobility,greenhouse,https://boards.greenhouse.io/careem/jobs/7804444002?gh_jid=7804444002,2026-01-13,2026-01-18 15:01:52.549219
39,Senior Copywriter,Careem,"Cairo, Egypt",UAE,,,,Mobility,greenhouse,https://boards.greenhouse.io/careem/jobs/8148202002?gh_jid=8148202002,2026-01-13,2026-01-18 15:01:52.549219
40,Senior Copywriter,Careem,"Karachi, Pakistan",UAE,,,,Mobility,greenhouse,https://boards.greenhouse.io/careem/jobs/8148188002?gh_jid=8148188002,2026-01-13,2026-01-18 15:01:52.549219
41,Senior Cybersecurity Operations Engineering Manager,Careem,"Islamabad, Pakistan",UAE,,,,Mobility,greenhouse,https://boards.greenhouse.io/careem/jobs/8095546002?gh_jid=8095546002,2026-01-13,2026-01-18 15:01:52.549219
42,Senior Data Science Manager,Careem,"Dubai, United Arab Emirates",UAE,,,,Mobility,greenhouse,https://boards.greenhouse.io/careem/jobs/8306986002?gh_jid=8306986002,2026-01-13,2026-01-18 15:01:52.549219
43,Senior Data Scientist I,Careem,"Beirut, Lebanon",UAE,,,,Mobility,greenhouse,https://boards.greenhouse.io/careem/jobs/8075720002?gh_jid=8075720002,2026-01-13,2026-01-18 15:01:52.549219
44,Senior Data Scientist I,Careem,"Beirut, Lebanon",UAE,,,,Mobility,greenhouse,https://boards.greenhouse.io/careem/jobs/8075718002?gh_jid=8075718002,2026-01-13,2026-01-18 15:01:52.549219
45,Senior Data Scientist II,Careem,"Dubai, United Arab Emirates",UAE,,,,Mobility,greenhouse,https://boards.greenhouse.io/careem/jobs/8200640002?gh_jid=8200640002,2026-01-13,2026-01-18 15:01:52.549219
46,Senior Data Scientist II,Careem,"Dubai, United Arab Emirates",UAE,,,,Mobility,greenhouse,https://boards.greenhouse.io/careem/jobs/7293447002?gh_jid=7293447002,2026-01-13,2026-01-18 15:01:52.549219
47,Senior Data Warehouse Engineer I ,Careem,"Karachi, Pakistan",UAE,,,,Mobility,greenhouse,https://boards.greenhouse.io/careem/jobs/8075741002?gh_jid=8075741002,2026-01-13,2026-01-18 15:01:52.549219
48,Senior Expansion Manager,Careem,"Riyadh, Saudi Arabia",UAE,,,,Mobility,greenhouse,https://boards.greenhouse.io/careem/jobs/8238633002?gh_jid=8238633002,2026-01-13,2026-01-18 15:01:52.549219
49,Senior Marketing Executive - Groceries,Careem,"Riyadh, Saudi Arabia",UAE,,,,Mobility,greenhouse,https://boards.greenhouse.io/careem/jobs/8227875002?gh_jid=8227875002,2026-01-13,2026-01-18 15:01:52.549219
50,Senior Operations Associate - Live Ops,Careem,"Cairo, Egypt",UAE,,,,Mobility,greenhouse,https://boards.greenhouse.io/careem/jobs/8245563002?gh_jid=8245563002,2026-01-13,2026-01-18 15:01:52.549219
51,Senior Operations Lead,Careem,"Abu Dhabi, United Arab Emirates",UAE,,,,Mobility,greenhouse,https://boards.greenhouse.io/careem/jobs/8245588002?gh_jid=8245588002,2026-01-13,2026-01-18 15:01:52.549219
52,Senior People Business Partner,Careem,"Karachi, Pakistan",UAE,,,,Mobility,greenhouse,https://boards.greenhouse.io/careem/jobs/8130254002?gh_jid=8130254002,2026-01-13,2026-01-18 15:01:52.549219
53,Senior Product Manager,Careem,"Dubai, United Arab Emirates",UAE,,,,Mobility,greenhouse,https://boards.greenhouse.io/careem/jobs/8296574002?gh_jid=8296574002,2026-01-13,2026-01-18 15:01:52.549219
54,Senior Product Manager - Marketplace Health,Careem,"Dubai, United Arab Emirates",UAE,,,,Mobility,greenhouse,https://boards.greenhouse.io/careem/jobs/8286808002?gh_jid=8286808002,2026-01-13,2026-01-18 15:01:52.549219
55,Senior Rewards Specialist,Careem,"Karachi, Pakistan",UAE,,,,Mobility,greenhouse,https://boards.greenhouse.io/careem/jobs/8363038002?gh_jid=8363038002,2026-01-13,2026-01-18 15:01:52.549219
56,Senior Rewards Specialist,Careem,"Islamabad, Pakistan",UAE,,,,Mobility,greenhouse,https://boards.greenhouse.io/careem/jobs/8363033002?gh_jid=8363033002,2026-01-13,2026-01-18 15:01:52.549219
57,Senior Rewards Specialist,Careem,"Lahore, Pakistan",UAE,,,,Mobility,greenhouse,https://boards.greenhouse.io/careem/jobs/8335891002?gh_jid=8335891002,2026-01-13,2026-01-18 15:01:52.549219
58,Senior Site Reliability Engineer I,Careem,"Cairo, Egypt",UAE,,,,Mobility,greenhouse,https://boards.greenhouse.io/careem/jobs/8008296002?gh_jid=8008296002,2026-01-13,2026-01-18 15:01:52.549219
59,Senior Site Reliability Engineer I,Careem,"Alexandria, Egypt",UAE,,,,Mobility,greenhouse,https://boards.greenhouse.io/careem/jobs/8243706002?gh_jid=8243706002,2026-01-13,2026-01-18 15:01:52.549219
60,Senior Site Reliability Engineer I ,Careem,"Karachi, Pakistan",UAE,,,,Mobility,greenhouse,https://boards.greenhouse.io/careem/jobs/8008298002?gh_jid=8008298002,2026-01-13,2026-01-18 15:01:52.549219
61,Senior Site Reliability Engineer I ,Careem,"Lahore, Pakistan",UAE,,,,Mobility,greenhouse,https://boards.greenhouse.io/careem/jobs/8243707002?gh_jid=8243707002,2026-01-13,2026-01-18 15:01:52.549219
62,Senior Site Reliability Engineer II,Careem,"Islamabad, Pakistan; Karachi, Pakistan; Lahore, Pakistan",UAE,,,,Mobility,greenhouse,https://boards.greenhouse.io/careem/jobs/8183593002?gh_jid=8183593002,2026-01-13,2026-01-18 15:01:52.549219
63,Senior Site Reliability Engineer II,Careem,"Alexandria, Egypt; Cairo, Egypt",UAE,,,,Mobility,greenhouse,https://boards.greenhouse.io/careem/jobs/8183591002?gh_jid=8183591002,2026-01-13,2026-01-18 15:01:52.549219
64,Senior Site Reliability Engineer II,Careem,Jordan,UAE,,,,Mobility,greenhouse,https://boards.greenhouse.io/careem/jobs/8151778002?gh_jid=8151778002,2026-01-13,2026-01-18 15:01:52.549219
65,Senior Software Engineer I,Careem,"Alexandria, Egypt; Cairo, Egypt; Pakistan",UAE,,,,Mobility,greenhouse,https://boards.greenhouse.io/careem/jobs/8199772002?gh_jid=8199772002,2026-01-13,2026-01-18 15:01:52.549219
66,Senior Software Engineer I - Android,Careem,"Islamabad, Pakistan",UAE,,,,Mobility,greenhouse,https://boards.greenhouse.io/careem/jobs/8248380002?gh_jid=8248380002,2026-01-13,2026-01-18 15:01:52.549219
67,Senior Software Engineer I - Android,Careem,"Karachi, Pakistan",UAE,,,,Mobility,greenhouse,https://boards.greenhouse.io/careem/jobs/8214380002?gh_jid=8214380002,2026-01-13,2026-01-18 15:01:52.549219
68,Senior Software Engineer I - Android,Careem,"Lahore, Pakistan",UAE,,,,Mobility,greenhouse,https://boards.greenhouse.io/careem/jobs/8248379002?gh_jid=8248379002,2026-01-13,2026-01-18 15:01:52.549219
69,Senior Software Engineer I - Backend,Careem,"Karachi, Pakistan",UAE,,,,Mobility,greenhouse,https://boards.greenhouse.io/careem/jobs/6441131002?gh_jid=6441131002,2026-01-13,2026-01-18 15:01:52.549219
70,Senior Software Engineer I - Backend,Careem,"Lahore, Pakistan",UAE,,,,Mobility,greenhouse,https://boards.greenhouse.io/careem/jobs/8240950002?gh_jid=8240950002,2026-01-13,2026-01-18 15:01:52.549219
71,Senior Software Engineer I - Backend,Careem,"Islamabad, Pakistan",UAE,,,,Mobility,greenhouse,https://boards.greenhouse.io/careem/jobs/8240949002?gh_jid=8240949002,2026-01-13,2026-01-18 15:01:52.549219
72,Senior Software Engineer I - Backend,Careem,"Karachi, Pakistan",UAE,,,,Mobility,greenhouse,https://boards.greenhouse.io/careem/jobs/8240948002?gh_jid=8240948002,2026-01-13,2026-01-18 15:01:52.549219
73,Senior Software Engineer I - Backend,Careem,"Alexandria, Egypt",UAE,,,,Mobility,greenhouse,https://boards.greenhouse.io/careem/jobs/8238454002?gh_jid=8238454002,2026-01-13,2026-01-18 15:01:52.549219
74,Senior Software Engineer I - Backend,Careem,"Cairo, Egypt",UAE,,,,Mobility,greenhouse,https://boards.greenhouse.io/careem/jobs/8202298002?gh_jid=8202298002,2026-01-13,2026-01-18 15:01:52.549219
75,Senior Software Engineer I - Fullstack,Careem,"Islamabad, Pakistan",UAE,,,,Mobility,greenhouse,https://boards.greenhouse.io/careem/jobs/8313592002?gh_jid=8313592002,2026-01-13,2026-01-18 15:01:52.549219
76,Senior Software Engineer I - Fullstack,Careem,"Alexandria, Egypt",UAE,,,,Mobility,greenhouse,https://boards.greenhouse.io/careem/jobs/8313594002?gh_jid=8313594002,2026-01-13,2026-01-18 15:01:52.549219
77,Senior Software Engineer I - Fullstack,Careem,"Cairo, Egypt",UAE,,,,Mobility,greenhouse,https://boards.greenhouse.io/careem/jobs/8313593002?gh_jid=8313593002,2026-01-13,2026-01-18 15:01:52.549219
78,Senior Software Engineer I - Fullstack,Careem,"Karachi, Pakistan",UAE,,,,Mobility,greenhouse,https://boards.greenhouse.io/careem/jobs/8313591002?gh_jid=8313591002,2026-01-13,2026-01-18 15:01:52.549219
79,Senior Software Engineer I - Fullstack,Careem,"Lahore, Pakistan",UAE,,,,Mobility,greenhouse,https://boards.greenhouse.io/careem/jobs/8093633002?gh_jid=8093633002,2026-01-13,2026-01-18 15:01:52.549219
80,Senior Software Engineer II,Careem,"Lahore, Pakistan",UAE,,,,Mobility,greenhouse,https://boards.greenhouse.io/careem/jobs/8363085002?gh_jid=8363085002,2026-01-13,2026-01-18 15:01:52.549219
81,Senior Software Engineer II,Careem,"Alexandria, Egypt",UAE,,,,Mobility,greenhouse,https://boards.greenhouse.io/careem/jobs/8363086002?gh_jid=8363086002,2026-01-13,2026-01-18 15:01:52.549219
82,Senior Software Engineer II,Careem,"Amman, Jordan",UAE,,,,Mobility,greenhouse,https://boards.greenhouse.io/careem/jobs/8244842002?gh_jid=8244842002,2026-01-13,2026-01-18 15:01:52.549219
83,Senior Software Engineer II,Careem,"Karachi, Pakistan",UAE,,,,Mobility,greenhouse,https://boards.greenhouse.io/careem/jobs/8344678002?gh_jid=8344678002,2026-01-13,2026-01-18 15:01:52.549219
84,Senior Software Engineering Manager,Careem,"Karachi, Pakistan",UAE,,,,Mobility,greenhouse,https://boards.greenhouse.io/careem/jobs/7703148002?gh_jid=7703148002,2026-01-13,2026-01-18 15:01:52.549219
85,Social Media & Content Executive,Careem,"Dubai, United Arab Emirates",UAE,,,,Mobility,greenhouse,https://boards.greenhouse.io/careem/jobs/8218839002?gh_jid=8218839002,2026-01-13,2026-01-18 15:01:52.549219
86,Social Media Executive,Careem,"Dubai, United Arab Emirates",UAE,,,,Mobility,greenhouse,https://boards.greenhouse.io/careem/jobs/8294945002?gh_jid=8294945002,2026-01-13,2026-01-18 15:01:52.549219
87,Software Engineer I,Careem,"Amman, Jordan",UAE,,,,Mobility,greenhouse,https://boards.greenhouse.io/careem/jobs/8191638002?gh_jid=8191638002,2026-01-13,2026-01-18 15:01:52.549219
88,Software Engineer II - Backend | NextGen Engineering,Careem,"Lahore, Pakistan",UAE,,,,Mobility,greenhouse,https://boards.greenhouse.io/careem/jobs/7004825002?gh_jid=7004825002,2026-01-13,2026-01-18 15:01:52.549219
89,Software Engineering Leadership (Relocation to Pakistan),Careem,United Kingdom,UAE,,,,Mobility,greenhouse,https://boards.greenhouse.io/careem/jobs/8128242002?gh_jid=8128242002,2026-01-13,2026-01-18 15:01:52.549219
90,Software Engineer I | University Events 2026 | NextGen | Careem Engineering,Careem,Pakistan,UAE,,,,Mobility,greenhouse,https://boards.greenhouse.io/careem/jobs/6405502002?gh_jid=6405502002,2026-01-13,2026-01-18 15:01:52.549219
91,Staff AI Engineer I,Careem,"Dubai, United Arab Emirates",UAE,,,,Mobility,greenhouse,https://boards.greenhouse.io/careem/jobs/8047915002?gh_jid=8047915002,2026-01-13,2026-01-18 15:01:52.549219
92,Staff Full Stack Engineer ,Careem,"Dubai, United Arab Emirates",UAE,,,,Mobility,greenhouse,https://boards.greenhouse.io/careem/jobs/8148106002?gh_jid=8148106002,2026-01-16,2026-01-18 15:01:52.549219
93,Staff Software Engineer  - Backend (AI Platform),Careem,"Dubai, United Arab Emirates",UAE,,,,Mobility,greenhouse,https://boards.greenhouse.io/careem/jobs/8148098002?gh_jid=8148098002,2026-01-16,2026-01-18 15:01:52.549219
94,Staff Software Engineer I ,Careem,"Dubai, United Arab Emirates",UAE,,,,Mobility,greenhouse,https://boards.greenhouse.io/careem/jobs/8190942002?gh_jid=8190942002,2026-01-13,2026-01-18 15:01:52.549219
95,Staff Software Engineer I (Relocation to Dubai),Careem,Canada,UAE,,,,Mobility,greenhouse,https://boards.greenhouse.io/careem/jobs/8128302002?gh_jid=8128302002,2026-01-13,2026-01-18 15:01:52.549219
96,Talent Acquisition Partner - (6 month contract),Careem,"Karachi, Pakistan",UAE,,,,Mobility,greenhouse,https://boards.greenhouse.io/careem/jobs/8185119002?gh_jid=8185119002,2026-01-13,2026-01-18 15:01:52.549219
97,Talent Acquisition Partner - (6 month contract),Careem,"Lahore, Pakistan",UAE,,,,Mobility,greenhouse,https://boards.greenhouse.io/careem/jobs/8195810002?gh_jid=8195810002,2026-01-13,2026-01-18 15:01:52.549219
98,Technical Lead - ERP,Careem,"Karachi, Pakistan",UAE,,,,Mobility,greenhouse,https://boards.greenhouse.io/careem/jobs/8306969002?gh_jid=8306969002,2026-01-13,2026-01-18 15:01:52.549219
99,,Talabat,,UAE,,,,Food Delivery,greenhouse,,,2026-01-18 15:01:52.549219
100,,Noon,,UAE,,,,E-commerce,greenhouse,,,2026-01-18 15:01:52.549219
101,,Kitopi,,UAE,,,,Cloud Kitchens,workable,,,2026-01-18 15:01:52.549219
102,,Fetchr,,UAE,,,,Logistics,workable,,,2026-01-18 15:01:52.549219
103,,Dubizzle,,UAE,,,,Classifieds,workable,,,2026-01-18 15:01:52.549219
104,,Property Finder,,UAE,,,,PropTech,workable,,,2026-01-18 15:01:52.549219
105,,Bayut,,UAE,,,,Real Estate,workable,,,2026-01-18 15:01:52.549219
106,,Zbooni,,UAE,,,,Fintech,workable,,,2026-01-18 15:01:52.549219
107,,Sarwa,,UAE,,,,Investment,workable,,,2026-01-18 15:01:52.549219
108,,Wio Bank,,UAE,,,,Digital Banking,workable,,,2026-01-18 15:01:52.549219
109,,Vezeeta,,UAE,,,,HealthTech,workable,,,2026-01-18 15:01:52.549219
110,,Swvl,,UAE,,,,Mass Transit,lever,,,2026-01-18 15:01:52.549219
111,,Anghami,,UAE,,,,Music Streaming,lever,,,2026-01-18 15:01:52.549219
112,,Emirates,,UAE,,,,Aviation,smartrecruiters,,,2026-01-18 15:01:52.549219
113,,Emirates,,UAE,,,,Aviation,smartrecruiters,,,2026-01-18 15:01:52.549219
114,,Emirates,,UAE,,,,Aviation,smartrecruiters,,,2026-01-18 15:01:52.549219
115,,Emirates,,UAE,,,,Aviation,smartrecruiters,,,2026-01-18 15:01:52.549219
116,,Emirates,,UAE,,,,Aviation,smartrecruiters,,,2026-01-18 15:01:52.549219
117,,Emirates,,UAE,,,,Aviation,smartrecruiters,,,2026-01-18 15:01:52.549219
118,,Emirates,,UAE,,,,Aviation,smartrecruiters,,,2026-01-18 15:01:52.549219
119,,Emirates,,UAE,,,,Aviation,smartrecruiters,,,2026-01-18 15:01:52.549219
120,,Emirates,,UAE,,,,Aviation,smartrecruiters,,,2026-01-18 15:01:52.549219
121,,Emirates,,UAE,,,,Aviation,smartrecruiters,,,2026-01-18 15:01:52.549219
122,,Etihad,,UAE,,,,Aviation,smartrecruiters,,,2026-01-18 15:01:52.549219
123,,Etihad,,UAE,,,,Aviation,smartrecruiters,,,2026-01-18 15:01:52.549219
124,,Etihad,,UAE,,,,Aviation,smartrecruiters,,,2026-01-18 15:01:52.549219
125,,Etihad,,UAE,,,,Aviation,smartrecruiters,,,2026-01-18 15:01:52.549219
126,,Etihad,,UAE,,,,Aviation,smartrecruiters,,,2026-01-18 15:01:52.549219
127,,Etihad,,UAE,,,,Aviation,smartrecruiters,,,2026-01-18 15:01:52.549219
128,,Etihad,,UAE,,,,Aviation,smartrecruiters,,,2026-01-18 15:01:52.549219
129,,Etihad,,UAE,,,,Aviation,smartrecruiters,,,2026-01-18 15:01:52.549219
130,,Etihad,,UAE,,,,Aviation,smartrecruiters,,,2026-01-18 15:01:52.549219
131,,Etihad,,UAE,,,,Aviation,smartrecruiters,,,2026-01-18 15:01:52.549219
132,,STC,,Saudi Arabia,,,,Telecom,greenhouse,,,2026-01-18 15:01:52.549219
133,,NEOM,,Saudi Arabia,,,,Smart City,workable,,,2026-01-18 15:01:52.549219
134,,Tamara,,Saudi Arabia,,,,BNPL,workable,,,2026-01-18 15:01:52.549219
135,,Tabby,,Saudi Arabia,,,,Fintech,workable,,,2026-01-18 15:01:52.549219
136,,Jahez,,Saudi Arabia,,,,Food Delivery,workable,,,2026-01-18 15:01:52.549219
137,,Mrsool,,Saudi Arabia,,,,Delivery,workable,,,2026-01-18 15:01:52.549219
138,Account Management Executive,Foodics,,Saudi Arabia,,,Full-time,Business Operations,workable,https://apply.workable.com/j/9622ACB1C3,2024-12-07,2026-01-18 15:01:52.549219
139,Android Developer,Foodics,,Saudi Arabia,,,Full-time,Technology,workable,https://apply.workable.com/j/E1E0400A2F,2022-06-01,2026-01-18 15:01:52.549219
140,Android Developer,Foodics,,Saudi Arabia,,,Full-time,Technology,workable,https://apply.workable.com/j/C2AE88DA69,2024-11-17,2026-01-18 15:01:52.549219
141,Anti Money laundering Lead,Foodics,,Saudi Arabia,,,Full-time,Regulatory & Government Affairs,workable,https://apply.workable.com/j/883CA14AB8,2025-10-28,2026-01-18 15:01:52.549219
142,Associate Product Manager,Foodics,,Saudi Arabia,,,,Product,workable,https://apply.workable.com/j/C309EF3DEE,2025-06-15,2026-01-18 15:01:52.549219
143,Business Analyst - Foodics Capital,Foodics,,Saudi Arabia,,,,Product,workable,https://apply.workable.com/j/67D1145532,2025-07-15,2026-01-18 15:01:52.549219
144,Customer Onboarding Specialist,Foodics,,Saudi Arabia,,,Full-time,Business Operations,workable,https://apply.workable.com/j/950404412B,2025-09-21,2026-01-18 15:01:52.549219
145,Customer Support Specialist,Foodics,,Saudi Arabia,,,,Business Operations,workable,https://apply.workable.com/j/CF81DF04A1,2024-03-10,2026-01-18 15:01:52.549219
146,Customer Support Specialist,Foodics,,Saudi Arabia,,,Full-time,Business Operations,workable,https://apply.workable.com/j/15BFC3E594,2025-12-08,2026-01-18 15:01:52.549219
147,Customer Support Specialist,Foodics,,Saudi Arabia,,,,Business Operations,workable,https://apply.workable.com/j/C4B869121F,2025-12-31,2026-01-18 15:01:52.549219
148,CX Researcher,Foodics,,Saudi Arabia,,,,Business Operations,workable,https://apply.workable.com/j/B4F74841BA,2026-01-14,2026-01-18 15:01:52.549219
149,Cyber Security GRC Lead,Foodics,,Saudi Arabia,,,,Regulatory & Government Affairs,workable,https://apply.workable.com/j/1402CB7E02,2025-05-05,2026-01-18 15:01:52.549219
150,Financial Operation Lead,Foodics,,Saudi Arabia,,,,Business Operations,workable,https://apply.workable.com/j/ABAB5D14BD,2025-09-25,2026-01-18 15:01:52.549219
151,Foodics Pay Operations Manager - Egypt,Foodics,,Saudi Arabia,,,,Business Operations,workable,https://apply.workable.com/j/CFB230BDDB,2025-05-26,2026-01-18 15:01:52.549219
152,Implementation Specialist,Foodics,,Saudi Arabia,,,,Business Operations,workable,https://apply.workable.com/j/A5E1C8797D,2026-01-14,2026-01-18 15:01:52.549219
153,Marketing Associate,Foodics,,Saudi Arabia,,,,Business Operations,workable,https://apply.workable.com/j/E9959A5789,2025-10-16,2026-01-18 15:01:52.549219
154,Merchant Success Specialist,Foodics,,Saudi Arabia,,,Full-time,Business Operations,workable,https://apply.workable.com/j/932F843ADA,2025-02-20,2026-01-18 15:01:52.549219
155,Merchant Success Team Lead,Foodics,,Saudi Arabia,,,Full-time,Business Operations,workable,https://apply.workable.com/j/78FB60D5F8,2025-11-12,2026-01-18 15:01:52.549219
156,Pay Expansion Executive,Foodics,,Saudi Arabia,,,Full-time,Business Operations,workable,https://apply.workable.com/j/EE1E8D60DF,2025-10-22,2026-01-18 15:01:52.549219
157,Pay Expansion Executive,Foodics,,Saudi Arabia,,,Full-time,Business Operations,workable,https://apply.workable.com/j/58800383FD,2025-10-22,2026-01-18 15:01:52.549219
158,Pay Expansion Executive,Foodics,,Saudi Arabia,,,Full-time,Business Operations,workable,https://apply.workable.com/j/37A506ACC6,2025-12-09,2026-01-18 15:01:52.549219
159,Pay Expansion Manager,Foodics,,Saudi Arabia,,,Full-time,Business Operations,workable,https://apply.workable.com/j/635697B4D3,2025-12-17,2026-01-18 15:01:52.549219
160,Product Enablement Specialist,Foodics,,Saudi Arabia,,,Full-time,Business Operations,workable,https://apply.workable.com/j/7DA486BA4B,2025-12-18,2026-01-18 15:01:52.549219
161,Renewals Specialist,Foodics,,Saudi Arabia,,,,Business Operations,workable,https://apply.workable.com/j/6FE7CA0950,2026-01-13,2026-01-18 15:01:52.549219
162,Renewals Team Leader,Foodics,,Saudi Arabia,,,,Business Operations,workable,https://apply.workable.com/j/6DDF34B2F3,2026-01-13,2026-01-18 15:01:52.549219
163,Retention Specialist,Foodics,,Saudi Arabia,,,,Business Operations,workable,https://apply.workable.com/j/25A5F1AE4F,2025-09-08,2026-01-18 15:01:52.549219
164,Risk Manager,Foodics,,Saudi Arabia,,,,Regulatory & Government Affairs,workable,https://apply.workable.com/j/45B225674E,2025-09-04,2026-01-18 15:01:52.549219
165,Sales Executive,Foodics,,Saudi Arabia,,,Full-time,Business Operations,workable,https://apply.workable.com/j/893B5923C2,2025-08-11,2026-01-18 15:01:52.549219
166,Sales Executive,Foodics,,Saudi Arabia,,,Full-time,Business Operations,workable,https://apply.workable.com/j/893B5923C2,2025-08-11,2026-01-18 15:01:52.549219
167,Sales Executive,Foodics,,Saudi Arabia,,,Full-time,Business Operations,workable,https://apply.workable.com/j/A377B3BC5F,2025-09-04,2026-01-18 15:01:52.549219
168,Sales Executive,Foodics,,Saudi Arabia,,,Full-time,Business Operations,workable,https://apply.workable.com/j/A080E07946,2025-11-09,2026-01-18 15:01:52.549219
169,Sales Executive,Foodics,,Saudi Arabia,,,Full-time,Business Operations,workable,https://apply.workable.com/j/CD6DE71C4D,2025-11-20,2026-01-18 15:01:52.549219
170,Sales Executive,Foodics,,Saudi Arabia,,,Full-time,Business Operations,workable,https://apply.workable.com/j/D2CC87B70D,2025-12-09,2026-01-18 15:01:52.549219
171,Sales Executive - Expansion,Foodics,,Saudi Arabia,,,,Business Operations,workable,https://apply.workable.com/j/B024A71788,2026-01-11,2026-01-18 15:01:52.549219
172,Sales Expansion Executive,Foodics,,Saudi Arabia,,,,Business Operations,workable,https://apply.workable.com/j/92B4092EB2,2025-02-19,2026-01-18 15:01:52.549219
173,Salesforce Developer,Foodics,,Saudi Arabia,,,Full-time,Technology,workable,https://apply.workable.com/j/BF09F7C47A,2025-12-16,2026-01-18 15:01:52.549219
174,Senior Cloud Infrastructure Engineer,Foodics,,Saudi Arabia,,,Full-time,Technology,workable,https://apply.workable.com/j/45FFEC6F43,2025-05-12,2026-01-18 15:01:52.549219
175,Senior Cloud Platform Engineer,Foodics,,Saudi Arabia,,,,Technology,workable,https://apply.workable.com/j/294A4C8000,2025-10-15,2026-01-18 15:01:52.549219
176,Senior Data Engineer,Foodics,,Saudi Arabia,,,,Technology,workable,https://apply.workable.com/j/1CE5B848E5,2025-08-21,2026-01-18 15:01:52.549219
177,Senior Data Engineer,Foodics,,Saudi Arabia,,,,Technology,workable,https://apply.workable.com/j/6975F204FF,2025-09-02,2026-01-18 15:01:52.549219
178,Senior Data Engineer,Foodics,,Saudi Arabia,,,,Technology,workable,https://apply.workable.com/j/4F5807F88D,2025-10-09,2026-01-18 15:01:52.549219
179,Senior Data Engineer,Foodics,,Saudi Arabia,,,,Technology,workable,https://apply.workable.com/j/486E60220F,2025-10-09,2026-01-18 15:01:52.549219
180,Senior Data Scientist / Senior ML Engineer,Foodics,,Saudi Arabia,,,,Technology,workable,https://apply.workable.com/j/2B687AB8FB,2025-09-09,2026-01-18 15:01:52.549219
181,Senior Data Scientist / Senior ML Engineer,Foodics,,Saudi Arabia,,,,Technology,workable,https://apply.workable.com/j/BDF4980406,2025-09-09,2026-01-18 15:01:52.549219
182,Senior Sales Entreprise Account Manager,Foodics,,Saudi Arabia,,,Full-time,Business Operations,workable,https://apply.workable.com/j/A8CCBF3730,2025-07-06,2026-01-18 15:01:52.549219
183,Senior Sales Executive,Foodics,,Saudi Arabia,,,Full-time,Business Operations,workable,https://apply.workable.com/j/42D6C86244,2025-06-23,2026-01-18 15:01:52.549219
184,Senior Sales Executive,Foodics,,Saudi Arabia,,,Full-time,Business Operations,workable,https://apply.workable.com/j/B89FED30B5,2025-10-16,2026-01-18 15:01:52.549219
185,Senior Sales Executive,Foodics,,Saudi Arabia,,,Full-time,Business Operations,workable,https://apply.workable.com/j/B89FED30B5,2025-10-16,2026-01-18 15:01:52.549219
186,Senior Software Engineer (Backend),Foodics,,Saudi Arabia,,,,Technology,workable,https://apply.workable.com/j/905C84EF48,2025-01-13,2026-01-18 15:01:52.549219
187,Senior Software Engineer PAY (Back-End),Foodics,,Saudi Arabia,,,Full-time,Technology,workable,https://apply.workable.com/j/15384C2B50,2024-05-14,2026-01-18 15:01:52.549219
188,Senior Software Engineer PAY (Back-End),Foodics,,Saudi Arabia,,,Full-time,Technology,workable,https://apply.workable.com/j/E6AF762567,2024-09-10,2026-01-18 15:01:52.549219
189,Software Engineering Lead - Backend,Foodics,,Saudi Arabia,,,Full-time,Technology,workable,https://apply.workable.com/j/71D77CACA5,2025-01-19,2026-01-18 15:01:52.549219
190,Staff Data Scientist / Senior ML Engineer,Foodics,,Saudi Arabia,,,,Technology,workable,https://apply.workable.com/j/CDE7FFA62D,2025-09-04,2026-01-18 15:01:52.549219
191,Training Specialist,Foodics,,Saudi Arabia,,,,Business Operations,workable,https://apply.workable.com/j/88F0DFF80A,2025-09-08,2026-01-18 15:01:52.549219
192,Account Executive,Lucidya,,Saudi Arabia,,,,Sales,workable,https://apply.workable.com/j/0842A492C9,2024-01-09,2026-01-18 15:01:52.549219
193,Account Executive,Lucidya,,Saudi Arabia,,,Full-time,Sales,workable,https://apply.workable.com/j/168A72604F,2025-08-26,2026-01-18 15:01:52.549219
194,Accounts Payable Lead,Lucidya,,Saudi Arabia,,,Full-time,Finance,workable,https://apply.workable.com/j/2307D58B7A,2026-01-15,2026-01-18 15:01:52.549219
195,AI Agent Engineer - AI Agents,Lucidya,,Saudi Arabia,,,Full-time,AI Agents,workable,https://apply.workable.com/j/46806BEDA8,2026-01-15,2026-01-18 15:01:52.549219
196,AI Engineer,Lucidya,,Saudi Arabia,,,Full-time,Engineering,workable,https://apply.workable.com/j/625EB60015,2023-12-11,2026-01-18 15:01:52.549219
197,AI Engineer (Saudi Only),Lucidya,,Saudi Arabia,,,Full-time,Engineering,workable,https://apply.workable.com/j/2C92E7942D,2025-04-23,2026-01-18 15:01:52.549219
198,AI Team Lead / AI Technical Manager,Lucidya,,Saudi Arabia,,,Full-time,AI Agents,workable,https://apply.workable.com/j/578C26273F,2025-12-01,2026-01-18 15:01:52.549219
199,Backend Team Lead,Lucidya,,Saudi Arabia,,,Full-time,Engineering,workable,https://apply.workable.com/j/05C513BDA0,2025-04-30,2026-01-18 15:01:52.549219
200,Backend Team Lead,Lucidya,,Saudi Arabia,,,Full-time,Engineering,workable,https://apply.workable.com/j/05C513BDA0,2025-04-30,2026-01-18 15:01:52.549219
201,Backend Team Lead,Lucidya,,Saudi Arabia,,,Full-time,Engineering,workable,https://apply.workable.com/j/05C513BDA0,2025-04-30,2026-01-18 15:01:52.549219
202,Backend Team Lead,Lucidya,,Saudi Arabia,,,Full-time,Engineering,workable,https://apply.workable.com/j/05C513BDA0,2025-04-30,2026-01-18 15:01:52.549219
203,Backend Team Lead (Saudi only),Lucidya,,Saudi Arabia,,,Full-time,Engineering,workable,https://apply.workable.com/j/E222404548,2025-09-25,2026-01-18 15:01:52.549219
204,Backend Team Lead (Saudi only),Lucidya,,Saudi Arabia,,,Full-time,Engineering,workable,https://apply.workable.com/j/E222404548,2025-09-25,2026-01-18 15:01:52.549219
205,Business Development Director: Partnerships,Lucidya,,Saudi Arabia,,,Full-time,Sales,workable,https://apply.workable.com/j/FC5CB7096A,2025-12-10,2026-01-18 15:01:52.549219
206,Client Delivery Specialist (Project Based),Lucidya,,Saudi Arabia,,,Contract,Customer Experience,workable,https://apply.workable.com/j/36ADF96CFC,2026-01-15,2026-01-18 15:01:52.549219
207,Closing & Reporting Manager,Lucidya,,Saudi Arabia,,,Full-time,Finance,workable,https://apply.workable.com/j/41005E506B,2026-01-15,2026-01-18 15:01:52.549219
208,Customer Success Manager,Lucidya,,Saudi Arabia,,,Full-time,Customer Experience,workable,https://apply.workable.com/j/613E5E5803,2026-01-15,2026-01-18 15:01:52.549219
209,Customer Success Manager,Lucidya,,Saudi Arabia,,,Full-time,Customer Experience,workable,https://apply.workable.com/j/4D068CB3B1,2026-01-15,2026-01-18 15:01:52.549219
210,CX Manager- AI Agents,Lucidya,,Saudi Arabia,,,Full-time,AI Agents,workable,https://apply.workable.com/j/ED21AC6D26,2026-01-09,2026-01-18 15:01:52.549219
211,Data Protection & Privacy Officer,Lucidya,,Saudi Arabia,,,Full-time,Performance & Strategy,workable,https://apply.workable.com/j/CA82E5EA79,2025-03-28,2026-01-18 15:01:52.549219
212,Director of Brand and Demand,Lucidya,,Saudi Arabia,,,,Marketing,workable,https://apply.workable.com/j/F21F5824BC,2026-01-12,2026-01-18 15:01:52.549219
213,Director of Customer Experience,Lucidya,,Saudi Arabia,,,Full-time,Customer Experience,workable,https://apply.workable.com/j/C7BC3BF0E6,2025-12-24,2026-01-18 15:01:52.549219
214,"Enterprise Governance, Risk & Compliance (GRC) Manager",Lucidya,,Saudi Arabia,,,Full-time,Performance & Strategy,workable,https://apply.workable.com/j/88C1A69C5D,2025-09-04,2026-01-18 15:01:52.549219
215,"Entry-Level Software Engineer (Internship, Fresh Graduate)",Lucidya,,Saudi Arabia,,,Temporary,Engineering,workable,https://apply.workable.com/j/72C96C05B4,2022-10-19,2026-01-18 15:01:52.549219
216,"Entry-Level Software Engineer (Internship, Fresh Graduate)",Lucidya,,Saudi Arabia,,,Temporary,Engineering,workable,https://apply.workable.com/j/72C96C05B4,2022-10-19,2026-01-18 15:01:52.549219
217,Government Relations Officer,Lucidya,,Saudi Arabia,,,Full-time,People & Culture,workable,https://apply.workable.com/j/1C78EE5ADF,2025-12-14,2026-01-18 15:01:52.549219
218,Head of Inside Sales,Lucidya,,Saudi Arabia,,,Full-time,Sales,workable,https://apply.workable.com/j/C825C89196,2025-09-10,2026-01-18 15:01:52.549219
219,Inside Sales Account Executive,Lucidya,,Saudi Arabia,,,Full-time,Sales,workable,https://apply.workable.com/j/A28E950171,2025-08-12,2026-01-18 15:01:52.549219
220,Junior Customer Experience Operations Analyst,Lucidya,,Saudi Arabia,,,Full-time,Sales,workable,https://apply.workable.com/j/B05B2AF307,2025-08-12,2026-01-18 15:01:52.549219
221,Junior Scrum Master,Lucidya,,Saudi Arabia,,,Full-time,Engineering,workable,https://apply.workable.com/j/C71CF326FF,2025-12-16,2026-01-18 15:01:52.549219
222,Junior Scrum Master,Lucidya,,Saudi Arabia,,,Full-time,Engineering,workable,https://apply.workable.com/j/C71CF326FF,2025-12-16,2026-01-18 15:01:52.549219
223,Project / Delivery Manager - AI Agents,Lucidya,,Saudi Arabia,,,Full-time,AI Agents,workable,https://apply.workable.com/j/130C6F1D9A,2026-01-09,2026-01-18 15:01:52.549219
224,Sales Director,Lucidya,,Saudi Arabia,,,,Sales,workable,https://apply.workable.com/j/9C7DF81C39,2025-09-10,2026-01-18 15:01:52.549219
225,Sales Manager,Lucidya,,Saudi Arabia,,,Full-time,Sales,workable,https://apply.workable.com/j/4336BCB88E,2025-09-10,2026-01-18 15:01:52.549219
226,Senior Backend Software Engineer - Remote,Lucidya,,Saudi Arabia,,,Full-time,Engineering,workable,https://apply.workable.com/j/EA389D5257,2021-09-20,2026-01-18 15:01:52.549219
227,Senior Backend Software Engineer - Remote,Lucidya,,Saudi Arabia,,,Full-time,Engineering,workable,https://apply.workable.com/j/EA389D5257,2021-09-20,2026-01-18 15:01:52.549219
228,Senior Backend Software Engineer - Remote,Lucidya,,Saudi Arabia,,,Full-time,Engineering,workable,https://apply.workable.com/j/EA389D5257,2021-09-20,2026-01-18 15:01:52.549219
229,Senior Backend Software Engineer - Remote,Lucidya,,Saudi Arabia,,,Full-time,Engineering,workable,https://apply.workable.com/j/EA389D5257,2021-09-20,2026-01-18 15:01:52.549219
230,Senior Backend Software Engineer - Remote,Lucidya,,Saudi Arabia,,,Full-time,Engineering,workable,https://apply.workable.com/j/EA389D5257,2021-09-20,2026-01-18 15:01:52.549219
231,"Senior Manager, Paid Media",Lucidya,,Saudi Arabia,,,Full-time,Marketing,workable,https://apply.workable.com/j/32D3ADCE90,2025-04-18,2026-01-18 15:01:52.549219
232,Senior Product Manager,Lucidya,,Saudi Arabia,,,Full-time,Product,workable,https://apply.workable.com/j/77B744120A,2025-12-27,2026-01-18 15:01:52.549219
233,Senior Product Manager - AI Agent Platform,Lucidya,,Saudi Arabia,,,Full-time,AI Agents,workable,https://apply.workable.com/j/DDEBF39BE1,2026-01-08,2026-01-18 15:01:52.549219
234,Senior Sales Enablement Manager,Lucidya,,Saudi Arabia,,,,Sales,workable,https://apply.workable.com/j/CB630E4CDF,2025-10-01,2026-01-18 15:01:52.549219
235,"Software Engineer - Backend (Mid-Level, Remote)",Lucidya,,Saudi Arabia,,,Full-time,Engineering,workable,https://apply.workable.com/j/B811F01E84,2025-09-09,2026-01-18 15:01:52.549219
236,"Software Engineer - Backend (Mid-Level, Remote)",Lucidya,,Saudi Arabia,,,Full-time,Engineering,workable,https://apply.workable.com/j/B811F01E84,2025-09-09,2026-01-18 15:01:52.549219
237,"Software Engineer - Backend (Mid-Level, Remote)",Lucidya,,Saudi Arabia,,,Full-time,Engineering,workable,https://apply.workable.com/j/B811F01E84,2025-09-09,2026-01-18 15:01:52.549219
238,"Software Engineer - Backend (Mid-Level, Remote)",Lucidya,,Saudi Arabia,,,Full-time,Engineering,workable,https://apply.workable.com/j/B811F01E84,2025-09-09,2026-01-18 15:01:52.549219
239,"Software Engineer - Backend (Mid-Level, Remote)",Lucidya,,Saudi Arabia,,,Full-time,Engineering,workable,https://apply.workable.com/j/B811F01E84,2025-09-09,2026-01-18 15:01:52.549219
240,Software Engineer - Backend (Saudi Only),Lucidya,,Saudi Arabia,,,Full-time,Engineering,workable,https://apply.workable.com/j/81D90BB501,2025-09-25,2026-01-18 15:01:52.549219
241,Software Engineer - Backend (Saudi Only),Lucidya,,Saudi Arabia,,,Full-time,Engineering,workable,https://apply.workable.com/j/81D90BB501,2025-09-25,2026-01-18 15:01:52.549219
242,Software Quality Assurance Engineer (Remote),Lucidya,,Saudi Arabia,,,Full-time,Engineering,workable,https://apply.workable.com/j/E365FC7A42,2025-11-26,2026-01-18 15:01:52.549219
243,Software Quality Assurance Engineer - AI Agents,Lucidya,,Saudi Arabia,,,Full-time,AI Agents,workable,https://apply.workable.com/j/BD12A9EF07,2026-01-14,2026-01-18 15:01:52.549219
244,Solutions Consultant - AI Agents,Lucidya,,Saudi Arabia,,,Full-time,AI Agents,workable,https://apply.workable.com/j/ABF44BBDFA,2026-01-14,2026-01-18 15:01:52.549219
245,Sr. Customer Success Manager,Lucidya,,Saudi Arabia,,,Full-time,Customer Experience,workable,https://apply.workable.com/j/75C8A4D801,2026-01-15,2026-01-18 15:01:52.549219
246,Sr. Procurement Officer,Lucidya,,Saudi Arabia,,,Full-time,Finance,workable,https://apply.workable.com/j/E94F9CC9AD,2026-01-15,2026-01-18 15:01:52.549219
247,Staff Engineer,Lucidya,,Saudi Arabia,,,Full-time,Engineering,workable,https://apply.workable.com/j/690AC776A2,2025-04-30,2026-01-18 15:01:52.549219
248,Staff Engineer,Lucidya,,Saudi Arabia,,,Full-time,Engineering,workable,https://apply.workable.com/j/690AC776A2,2025-04-30,2026-01-18 15:01:52.549219
249,Staff Engineer,Lucidya,,Saudi Arabia,,,Full-time,Engineering,workable,https://apply.workable.com/j/690AC776A2,2025-04-30,2026-01-18 15:01:52.549219
250,Staff Engineer,Lucidya,,Saudi Arabia,,,Full-time,Engineering,workable,https://apply.workable.com/j/690AC776A2,2025-04-30,2026-01-18 15:01:52.549219
251,Training & Onboarding Specialist,Lucidya,,Saudi Arabia,,,Full-time,Customer Experience,workable,https://apply.workable.com/j/0E03D66AC7,2026-01-15,2026-01-18 15:01:52.549219
252,VP of Product,Lucidya,,Saudi Arabia,,,Full-time,Product,workable,https://apply.workable.com/j/5B337E3E18,2025-12-24,2026-01-18 15:01:52.549219
253,,Lean Technologies,,Saudi Arabia,,,,Open Banking,workable,,,2026-01-18 15:01:52.549219
254,,Rewaa,,Saudi Arabia,,,,Retail SaaS,workable,,,2026-01-18 15:01:52.549219
255,,Sary,,Saudi Arabia,,,,B2B Marketplace,workable,,,2026-01-18 15:01:52.549219
256,,HungerStation,,Saudi Arabia,,,,Food Delivery,lever,,,2026-01-18 15:01:52.549219
257,,Qatar Airways,,Qatar,,,,Aviation,greenhouse,,,2026-01-18 15:01:52.549219
258,,Ooredoo Qatar,,Qatar,,,,Telecom,workable,,,2026-01-18 15:01:52.549219
259,,Snoonu,,Qatar,,,,Delivery,workable,,,2026-01-18 15:01:52.549219
260,,Vodafone Qatar,,Qatar,,,,Telecom,workable,,,2026-01-18 15:01:52.549219
261,,Qatar Foundation,,Qatar,,,,Education,lever,,,2026-01-18 15:01:52.549219
262,,Omantel,,Oman,,,,Telecom,greenhouse,,,2026-01-18 15:01:52.549219
263,,OQ,,Oman,,,,Energy,workable,,,2026-01-18 15:01:52.549219
264,,Oman Air,,Oman,,,,Aviation,workable,,,2026-01-18 15:01:52.549219
265,,Bank Muscat,,Oman,,,,Banking,lever,,,2026-01-18 15:01:52.549219
266,,AWS Bahrain,,Bahrain,,,,Cloud,greenhouse,,,2026-01-18 15:01:52.549219
267,,VIVA Bahrain,,Bahrain,,,,Telecom,workable,,,2026-01-18 15:01:52.549219
268,,Batelco,,Bahrain,,,,Telecom,workable,,,2026-01-18 15:01:52.549219
269,,Benefit,,Bahrain,,,,Fintech,lever,,,2026-01-18 15:01:52.549219
270,,Zain Kuwait,,Kuwait,,,,Telecom,workable,,,2026-01-18 15:01:52.549219
271,,Talabat Kuwait,,Kuwait,,,,Food Delivery,workable,,,2026-01-18 15:01:52.549219
272,,NBK,,Kuwait,,,,Banking,lever,,,2026-01-18 15:01:52.549219
273,Analyst - FP&A,Agility,,Kuwait,,,,Agility Global,workable,https://apply.workable.com/j/29A4CAA1DA,2025-02-05,2026-01-18 15:01:52.549219
274,Analyst - Investor Relations,Agility,,Kuwait,,,Full-time,Agility Global,workable,https://apply.workable.com/j/40868FCE0E,2024-09-08,2026-01-18 15:01:52.549219
275,Architectural Engineer,Agility,,Kuwait,,,Full-time,Agility Logistics Parks,workable,https://apply.workable.com/j/7511EF9F6D,2025-05-18,2026-01-18 15:01:52.549219
276,Deltek Costpoint 8.0 -Functional Consultant,Agility,,Kuwait,,,Full-time,Corporate,workable,https://apply.workable.com/j/15704B521F,2022-03-30,2026-01-18 15:01:52.549219
277,Electrical Mechanical Supervisor,Agility,,Kuwait,,,,Agility Logistics Parks,workable,https://apply.workable.com/j/FDA6334F70,2025-02-02,2026-01-18 15:01:52.549219
278,Finance Executive,Agility,,Kuwait,,,Full-time,Agility Logistics Parks,workable,https://apply.workable.com/j/156D75696A,2024-06-06,2026-01-18 15:01:52.549219
279,Finance Manager,Agility,,Kuwait,,,Full-time,Agility Logistics Parks,workable,https://apply.workable.com/j/C4722A8363,2024-03-30,2026-01-18 15:01:52.549219
280,Financial Controller,Agility,,Kuwait,,,Full-time,PWC Technologies,workable,https://apply.workable.com/j/0E08F62C2C,2025-12-16,2026-01-18 15:01:52.549219
281,Full stack Developer - Asp.net core and Angular 8 and 9,Agility,,Kuwait,,,Full-time,Corporate,workable,https://apply.workable.com/j/3B756AC8FD,2022-03-07,2026-01-18 15:01:52.549219
282,Group Tax Manager,Agility,,Kuwait,,,Full-time,Agility Global,workable,https://apply.workable.com/j/F39EBD4DD5,2025-08-10,2026-01-18 15:01:52.549219
283,HR Business Partner,Agility,,Kuwait,,,Full-time,Agility Logistics Parks,workable,https://apply.workable.com/j/DCB9509C57,2025-02-19,2026-01-18 15:01:52.549219
284,IT Project Manager ( Techno-functional ),Agility,,Kuwait,,,Full-time,PWC Technologies,workable,https://apply.workable.com/j/D9545DA10C,2025-05-14,2026-01-18 15:01:52.549219
285,Maintenance Supervisor,Agility,,Kuwait,,,Full-time,Agility Logistics Parks,workable,https://apply.workable.com/j/6C9C081885,2025-03-02,2026-01-18 15:01:52.549219
286,Manager - Facility Maintenance,Agility,,Kuwait,,,Full-time,Agility Logistics Parks,workable,https://apply.workable.com/j/5A8F08484F,2025-12-23,2026-01-18 15:01:52.549219
287,MEP Supervisor,Agility,,Kuwait,,,Full-time,Agility Logistics Parks,workable,https://apply.workable.com/j/D2E81730C0,2022-11-30,2026-01-18 15:01:52.549219
288,Network Administrator,Agility,,Kuwait,,,Full-time,PWC Technologies,workable,https://apply.workable.com/j/63B5ADD403,2023-03-06,2026-01-18 15:01:52.549219
289,Office Administrator,Agility,,Kuwait,,,Full-time,Agility Logistics Parks,workable,https://apply.workable.com/j/63AF67A415,2024-12-16,2026-01-18 15:01:52.549219
290,Office Administrator,Agility,,Kuwait,,,Full-time,Corporate,workable,https://apply.workable.com/j/8DC01403BD,2025-12-30,2026-01-18 15:01:52.549219
291,Operator - Ammonia Refrigeration Plant,Agility,,Kuwait,,,Full-time,Agility Logistics Parks,workable,https://apply.workable.com/j/AEAED36E05,2022-04-13,2026-01-18 15:01:52.549219
292,Procurement Engineer,Agility,,Kuwait,,,Full-time,Agility Logistics Parks,workable,https://apply.workable.com/j/63A7D57A31,2024-08-25,2026-01-18 15:01:52.549219
293,Project Management Associate,Agility,,Kuwait,,,Full-time,Corporate,workable,https://apply.workable.com/j/01A2EC31D0,2025-12-29,2026-01-18 15:01:52.549219
294,Quantity Surveyor,Agility,,Kuwait,,,Full-time,Agility Logistics Parks,workable,https://apply.workable.com/j/26B00ABD37,2024-07-24,2026-01-18 15:01:52.549219
295,Security Guard,Agility,,Kuwait,,,Full-time,Agility Logistics Parks,workable,https://apply.workable.com/j/D4357B65BC,2024-02-14,2026-01-18 15:01:52.549219
296,Senior Information Security Analyst - Compliance & GRC,Agility,,Kuwait,,,Full-time,PWC Technologies,workable,https://apply.workable.com/j/A4B58C520B,2023-04-20,2026-01-18 15:01:52.549219
297,Sr. Network Specialist,Agility,,Kuwait,,,Full-time,PWC Technologies,workable,https://apply.workable.com/j/7F2A363D41,2025-10-23,2026-01-18 15:01:52.549219
298,Strategic Account Manager,Agility,,Kuwait,,,Full-time,Agility Kenya,workable,https://apply.workable.com/j/299CF0F442,2022-07-07,2026-01-18 15:01:52.549219
299,Supervisor - Civil,Agility,,Kuwait,,,Full-time,Agility Logistics Parks,workable,https://apply.workable.com/j/83DCE81653,2024-07-24,2026-01-18 15:01:52.549219
300,Supervisor - Safety (Nationalization),Agility,,Kuwait,,,Full-time,Agility Logistics Parks,workable,https://apply.workable.com/j/AB102489EE,2023-02-27,2026-01-18 15:01:52.549219
301,Technical Writer -IT,Agility,,Kuwait,,,Full-time,Corporate,workable,https://apply.workable.com/j/03E1E5831F,2023-01-04,2026-01-18 15:01:52.549219
302,Technician - Electrical,Agility,,Kuwait,,,Full-time,Kuwait Logistics Parks,workable,https://apply.workable.com/j/F776F148C0,2021-12-27,2026-01-18 15:01:52.549219
303,Technician - Electrical,Agility,,Kuwait,,,Full-time,Agility Logistics Parks,workable,https://apply.workable.com/j/C072F5092D,2024-11-26,2026-01-18 15:01:52.549219
304,Technician - HVAC,Agility,,Kuwait,,,Full-time,Kuwait Logistics Parks,workable,https://apply.workable.com/j/F1723DDC0F,2022-04-13,2026-01-18 15:01:52.549219
305,Technician - HVAC,Agility,,Kuwait,,,,Agility Logistics Parks,workable,https://apply.workable.com/j/6C97F8DAE2,2024-05-06,2026-01-18 15:01:52.549219
306,Technician - Plumbing & Fire Fighting,Agility,,Kuwait,,,Full-time,Kuwait Logistics Parks,workable,https://apply.workable.com/j/61A79A461B,2022-04-13,2026-01-18 15:01:52.549219
307,Test Engineer,Agility,,Kuwait,,,Full-time,PWC Technologies,workable,https://apply.workable.com/j/A1A14E882D,2024-04-10,2026-01-18 15:01:52.549219
308,Welder,Agility,,Kuwait,,,Full-time,Agility Logistics Parks,workable,https://apply.workable.com/j/2D2FD9ABB9,2024-06-10,2026-01-18 15:01:52.549219
